_uf;_label;_level;val_1;val_2;val_3;val_4;val_5;val_6;val_7;val_8;confianca
AC;TOTAIS;total;49.0;286.0;43.0;135.0;13.0;;;;media
AC;ACRE;mesorregiao;49.0;286.0;43.0;135.0;13.0;;;;media
AC;ALTO JURUA;microrregiao;10.0;72.0;;32.0;;;;;media
AC;CRUZEIRO;municipio;;29.0;;11.0;;;;;media
AC;FEIJO;municipio;;;;;;;;;media
AC;TARAUACA;municipio;;35.0;;16.0;;;;;media
AC;ALTO PURUS;microrregiao;39.0;214.0;35.0;103.0;10.0;;;;media
AC;BRASILEIA;municipio;;86.0;;24.0;;;;;media
AC;SENA MADUREIRA;municipio;;14.0;;;;;;;media
AL;TOTAIS;total;377.0;1222.0;320.0;735.0;491.0;554.0;75.0;89.0;baixa
AL;SERTÃO E AGRESTE ALAGOANO;mesorregiao;258.0;916.0;209.0;497.0;102.0;125.0;45.0;58.0;baixa
AL;SERTÃO ALAGOANO;microrregiao;21.0;98.0;20.0;56.0;16.0;23.0;;;baixa
AL;AGUA BRANCA;municipio;;26.0;;23.0;;;;;baixa
AL;CANAPI;municipio;;16.0;;;;;;;baixa
AL;DELMIRO GOUVEIA;municipio;;32.0;;16.0;;;;;baixa
AL;MATA GRANDE;municipio;;;;;;;;;baixa
AL;OLHO D' AGUA DO CASADO;municipio;;;;;;;;;baixa
AL;PIRANHAS;municipio;;;;;;;;;baixa
AL;BATALHA;microrregiao;157.0;513.0;120.0;269.0;35.0;44.0;36.0;43.0;baixa
AL;BATALHA;municipio;36.0;121.0;21.0;39.0;;15.0;;;baixa
AL;BELO MONTE;municipio;25.0;126.0;24.0;71.0;;;10.0;10.0;baixa
AL;CARNEIROS;municipio;;;;;;;;;baixa
AL;DOIS RIACHOS;municipio;;;;;;;;;baixa
AL;.JACARE DOS HOMENS;municipio;;10.0;;10.0;;;;;baixa
AL;JARAMATAIA;municipio;33.0;93.0;32.0;74.0;;;10.0;10.0;baixa
AL;MA JOR ISIDORO;municipio;;;;;;;;;baixa
AL;MARAVILHA;municipio;;;;;;;;;baixa
AL;MONTEIROPOLIS;municipio;12.0;31.0;;;;;;;baixa
AL;OLHO D' AGUA DAS FLORES;municipio;;10.0;;;;;;;baixa
AL;OLIVENÇA;municipio;;;;;;;;;baixa
AL;OURO BRANCO;municipio;;;;;;;;;baixa
AL;PALESTINA;municipio;;;;;;;;;baixa
AL;PÂO DE AÇUCAR;municipio;;22.0;;15.0;;;;;baixa
AL;POÇO DAS TRINCHEIRAS;municipio;;13.0;;;;;;;baixa
AL;SANTANA DO IPANEMA;municipio;;15.0;;;;;;;baixa
AL;SÃO JOSE DA TAPERA;municipio;;27.0;;17.0;;;;;baixa
AL;SENADOR RUI PALMEIRA;municipio;;15.0;;;;;;;baixa
AL;PALMEIRA DOS INDIOS;microrregiao;70.0;244.0;60.0;148.0;47.0;54.0;;;baixa
AL;IGACI;municipio;;;;;;;;;baixa
AL;MARIBONDO;municipio;;;;;;;;;baixa
AL;MAR VERMELHO;municipio;;21.0;;14.0;;;;;baixa
AL;MINADOR DO NEGRÃO;municipio;12.0;54.0;;17.0;;;;;baixa
AL;PALMEIRA DOS INDIOS;municipio;19.0;56.0;17.0;44.0;;11.0;;;baixa
AL;PAULO JACINTO;municipio;;24.0;;15.0;;;;;baixa
AL;QUEBRANGULO;municipio;20.0;78.0;18.0;51.0;19.0;21.0;;;baixa
AL;TANQUE D' ARCA;municipio;;;;;;;;;baixa
AL;ARAPIRACA;microrregiao;;58.0;;23.0;;;;;baixa
AL;ANADIA;municipio;;35.0;;;;;;;baixa
AL;ARAPIRACA;municipio;;;;;;;;;baixa
AL;FEIRA GRANDE;municipio;;;;;;;;;baixa
AL;GIRAU DO PONCIANO;municipio;;;;;;;;;baixa
AL;OLHO D' AGUA GRANDE;municipio;;;;;;;;;baixa
AL;PENEDO;microrregiao;;;;;;;;;baixa
AL;PENEDO;municipio;;;;;;;;;baixa
AL;PORTO REAL DO COLEGIO;municipio;;;;;;;;;baixa
AL;MATA ALAGOANA;mesorregiao;118.0;286.0;110.0;218.0;380.0;411.0;30.0;31.0;baixa
AL;MATA ALAGOANA;microrregiao;115.0;277.0;107.0;211.0;301.0;321.0;21.0;21.0;baixa
AL;CAPELA;municipio;;;;;60.0;63.0;;;baixa
AL;CHÃ PRETA;municipio;23.0;72.0;22.0;38.0;54.0;58.0;;;baixa
AL;COLONIA LEOPOLDINA;municipio;;;;;;;;2.0;baixa
AL;I BATEGUARA;municipio;;22.0;;10.0;12.0;15.0;;;baixa
AL;JACUIPE;municipio;;;;;13.0;14.0;;;baixa
AL;JOAQUIM GOMES;municipio;;;;;43.0;46.0;;;baixa
AL;JUNOIA;municipio;;;;;;;;;baixa
AL;NOVO LINO;municipio;;;;;;;;;baixa
AL;PINDOBA;municipio;;13.0;;12.0;11.0;11.0;;;baixa
AL;SANTANA DO MUNOAU;municipio;10.0;21.0;12.0;21.0;12.0;12.0;;;baixa
AL;SÂO JOSE DA LAJE;municipio;10.0;28.0;12.0;20.0;;;;;baixa
AL;UNIÃO DOS PALMARES;municipio;;19.0;;17.0;10.0;11.0;;;baixa
AL;VIÇOSA;municipio;25.0;67.0;25.0;66.0;58.0;62.0;;;baixa
AL;LITORAL NORTE ALAGOANO;microrregiao;;;;;77.0;87.0;;;baixa
AL;MARAGOGI;municipio;;;;;;;;;baixa
AL;PORTO CALVO;municipio;;;;;;;;;baixa
AL;SÃO MIGUEL DOS MILAGRES;municipio;;;;;45.0;48.0;;;baixa
AL;TABULEIROS DE s MIGUEL DOS CAMPOS;microrregiao;;;;;;;;;baixa
AL;BOCA DA MATA;municipio;;;;;;;;;baixa
AL;CAMPO ALEGRE;municipio;;;;;;;;;baixa
AL;ROTEIRO;municipio;;;;;;;;;baixa
AL;SÃO MIGUEL DOS CAMPOS;municipio;;;;;;;;;baixa
AL;MARECHAL DEODORO;municipio;;20.0;;20.0;;;;;baixa
AL;RIO LARGO;municipio;;;;;;;;;baixa
AL;SANTA LUZIA DO NORTE;municipio;;;;;;;;;baixa
AP;TOTAIS;total;21.0;431.0;19.0;180.0;16.0;;;;alta
AP;AMAPA;mesorregiao;21.0;431.0;19.0;180.0;16.0;;;;alta
AP;MACAPA;microrregiao;13.0;156.0;12.0;82.0;;;;;alta
AP;MACAPA;municipio;13.0;156.0;12.0;82.0;;;;;alta
AP;MAZAGÃO;municipio;;;;;;;;;alta
AP;AMAPA E OIAPOQUE;microrregiao;;275.0;;98.0;12.0;;;;alta
AP;AMAPA;municipio;;275.0;;98.0;12.0;;;;alta
DF;TOTAIS;total;7.0;79.0;35.0;7.0;;;;;alta
DF;DISTRITO FEDERAL;mesorregiao;7.0;79.0;35.0;7.0;;;;;alta
DF;BRASILIA;microrregiao;7.0;79.0;35.0;7.0;;;;;alta
DF;BRASILIA;municipio;7.0;71.0;35.0;7.0;;;;;alta
ES;TOTAIS;total;379.0;1825.0;340.0;1050.0;436.0;624.0;23.0;32.0;baixa
ES;ESPIRITO-SANTENSE;microrregiao;379.0;1825.0;340.0;1050.0;435.0;622.0;23.0;32.0;baixa
ES;ALTO SÃO MATEUS;microrregiao;38.0;277.0;33.0;176.0;33.0;65.0;;10.0;baixa
ES;ECOPORANGA;municipio;10.0;71.0;8.0;45.0;16.0;27.0;;;baixa
ES;MONTANHA;municipio;19.0;80.0;16.0;53.0;;12.0;;;baixa
ES;MUCURICI;municipio;;126.0;;78.0;;26.0;;;baixa
ES;COLA TI NA;microrregiao;95.0;441.0;83.0;233.0;80.0;125.0;;;baixa
ES;BAIXO GUANDU;municipio;32.0;194.0;31.0;125.0;38.0;58.0;;;baixa
ES;BARRA DE SÃO FRANCISCO;municipio;;;;;;;;;baixa
ES;BOA ESPERANÇA;municipio;;29.0;;21.0;;;;;baixa
ES;COLATINA;municipio;16.0;51.0;13.0;24.0;15.0;25.0;;;baixa
ES;MANTENOPOLIS;municipio;;;;;;;;;baixa
ES;MARILANOIA;municipio;;;;;;;;;baixa
ES;NOVA VENECIA;municipio;;24.0;;12.0;;;;;baixa
ES;PANCAS;municipio;;30.0;;11.0;;;;2.0;baixa
ES;SÃO GABRIEL DA PALHA;municipio;20.0;107.0;16.0;35.0;13.0;21.0;;;baixa
ES;BAIXADA ESPIRITO-SANTENSE;municipio;35.0;168.0;31.0;116.0;16.0;22.0;;;baixa
ES;ARACRUZ;municipio;;;;;;;;;baixa
ES;CONCEIÇÃO DA BARRA;municipio;;;;;;;;;baixa
ES;FUNDÃO;municipio;;14.0;;;;;;;baixa
ES;JAGUARE;municipio;;;;;;;;;baixa
ES;LINHARES;municipio;;;;;;;;;baixa
ES;PEDRO CANARIO;municipio;13.0;57.0;13.0;40.0;;;;;baixa
ES;PINHEIROS;municipio;15.0;96.0;15.0;71.0;;;;;baixa
ES;SÃO MATEUS;municipio;;;;;;;;;baixa
ES;COL. SERRANA ESPIRITO-SANTENSE;municipio;80.0;418.0;76.0;227.0;28.0;38.0;;;baixa
ES;AFONSO CLAUOI;municipio;52.0;214.0;50.0;104.0;14.0;20.0;;;baixa
ES;ALFREDO CHAVES;municipio;;37.0;;35.0;;;;;baixa
ES;DOMINGOS MARTINS;municipio;;;;;;;;;baixa
ES;ITAGUAÇU;municipio;;38.0;;24.0;;;;;baixa
ES;ITARANA;municipio;;;;;;;;;baixa
ES;SANTA LEOPOLDINA;municipio;;34.0;;17.0;;;;;baixa
ES;SANTA TERESA;municipio;14.0;95.0;13.0;47.0;;10.0;;;baixa
ES;VERTENTE ORIENTAL DO CAPARAO;municipio;96.0;370.0;90.0;223.0;166.0;209.0;;11.0;baixa
ES;CASTELO;municipio;;33.0;;12.0;19.0;20.0;;;baixa
ES;CONCEIÇÃO DO CASTELO;municipio;11.0;64.0;11.0;37.0;;;;;baixa
ES;IBATIBA;municipio;12.0;44.0;12.0;26.0;62.0;71.0;;;baixa
ES;IUNA;municipio;27.0;92.0;24.0;58.0;14.0;20.0;;;baixa
ES;MUNIZ FREIRE;municipio;40.0;137.0;37.0;90.0;66.0;92.0;;;baixa
ES;CACHOEIRO DE ITAPEMIRIM;municipio;139.0;25.0;69.0;109.0;158.0;;;;baixa
ES;ALEGRE;municipio;;46.0;7.0;21.0;17.0;25.0;;;baixa
ES;APIACA;municipio;;43.0;;16.0;;;;;baixa
ES;ATILIO VIVACQUA;municipio;;;;;;;;;baixa
ES;BOM JESUS;municipio;;;;;;;;;baixa
ES;CACHOEIRO DE ITAPEMIRIM;municipio;;13.0;;;;;;;baixa
ES;DIVINO DE SÃO LOURENÇO;municipio;;15.0;;15.0;;;;;baixa
ES;GUAÇUI;municipio;;;2.0;;;;;;baixa
ES;JERONIMO MONTEIRO;municipio;4.0;;22.0;40.0;;;;;baixa
ES;MIMOSO DO SUL;municipio;;;17.0;29.0;;;;;baixa
ES;MUQUI;municipio;;;;;;;;;baixa
ES;SÃO JOSE DO CALÇADO;municipio;;;25.0;30.0;;;;;baixa
ES;LITORAL SUL ESPIFUTO-SANTENSE;microrregiao;12.0;;;;;;;;baixa
ES;ANCHIETA;municipio;;;;;;;;;baixa
ES;GUARAPARI;municipio;;;;;;;;;baixa
ES;ICONHA;municipio;;;;;;;;;baixa
ES;ITAPEMIRIM;municipio;;;;;;;;;baixa
ES;PIUMA;municipio;;;;;;;;;baixa
ES;PRESIDENTE KENNEDY;municipio;;;;2.0;;;;;baixa
ES;RIO NOVO DO SUL;municipio;;;;;;;;;baixa
ES;VITORIA;mesorregiao;;;;;;;;;baixa
ES;VITORIA;microrregiao;;;;;;;;;baixa
ES;CARIACICA;municipio;;;;;;;;;baixa
MS;TOTAIS;total;697.0;13037.0;626.0;7308.0;300.0;602.0;18.0;;media
MS;ANASTACIO;municipio;;52.0;;32.0;;;;;media
MS;BANDEIRANTES;municipio;;;;;;;;;media
MS;ROCHEDO;municipio;;;;;;;;;media
MS;TERENOS;municipio;;21.0;;15.0;;;;;media
MS;PLANALTO MATOGROSSENSE;mesorregiao;249.0;3903.0;235.0;2458.0;118.0;199.0;18.0;;media
MS;DOURADOS;microrregiao;79.0;1498.0;77.0;1063.0;47.0;81.0;;;media
MS;ARAL MOREIRA;municipio;12.0;77.0;12.0;69.0;12.0;21.0;;;media
MS;CAARAPO;municipio;14.0;332.0;14.0;208.0;11.0;22.0;;;media
MS;DOURADOS;municipio;;57.0;;40.0;;;;;media
MS;FATIMA DO SUL;municipio;;14.0;;;;;;;media
MS;ITAPORÃ;municipio;;27.0;;15.0;;;;;media
MS;MARACAJU;municipio;;110.0;;70.0;;;;;media
MS;PONTA PORÂ;municipio;19.0;375.0;19.0;357.0;;14.0;;;media
MS;RIO BRILHANTE;municipio;15.0;276.0;13.0;117.0;;;;;media
MS;SIOROLANDIA;municipio;;230.0;;180.0;;;;;media
MS;IGUATEMI;microrregiao;170.0;2405.0;158.0;1395.0;71.0;118.0;16.0;;media
MS;AMAMBAI;municipio;12.0;180.0;12.0;135.0;;;;;media
MS;ANGELICA;municipio;17.0;147.0;16.0;106.0;11.0;17.0;;;media
MS;DEODAPOLI S;municipio;;29.0;;29.0;;;;;media
MS;ELDORADO;municipio;;55.0;;55.0;;;;;media
MS;GLORIA DE DOURADOS;municipio;13.0;76.0;13.0;52.0;14.0;22.0;;;media
MS;IGUATEMI;municipio;40.0;430.0;41.0;425.0;11.0;15.0;15.0;;media
MS;ITAQUIRAI;municipio;12.0;308.0;;69.0;;10.0;;;media
MS;IVINHEMA;municipio;22.0;334.0;21.0;133.0;11.0;20.0;;;media
MS;JATEI;municipio;;320.0;;77.0;;;;;media
MS;MUNDO NOVO;municipio;13.0;27.0;13.0;27.0;;10.0;;;media
MS;NAVIRAI;municipio;25.0;474.0;19.0;268.0;;10.0;;;media
MS;SETE QUEDAS;municipio;;;;;;;;;media
MS;TACURU;municipio;;25.0;;19.0;;;;;media
MS;PANTANAL;mesorregiao;65.0;872.0;63.0;9.0;42.0;1.0;;;media
MS;PANTANAIS;microrregiao;29.0;251.0;29.0;583.0;27.0;67.0;;;media
MS;AOUlDAUANA;municipio;;280.0;;20.0;;;;;media
MS;CORUMBA;municipio;14.0;630.0;14.0;268.0;11.0;44.0;;;media
MS;LAOARIO;municipio;;;;;;;;;media
MS;MIRANDA;municipio;12.0;306.0;12.0;264.0;15.0;22.0;;;media
MS;PORTO MURTINHO;municipio;;27.0;;27.0;;;;;media
MS;BODOQUENA;microrregiao;36.0;621.0;34.0;426.0;15.0;44.0;;;media
MS;ANTONIO JOÃO;municipio;;32.0;;27.0;;;;;media
MS;BONITO;municipio;11.0;137.0;11.0;74.0;;10.0;;;media
MS;CARACOL;municipio;;259.0;;186.0;;17.0;;;media
MS;GUIA LOPES DA LAGUNA;municipio;;40.0;;25.0;;;;;media
MS;JARDIM;municipio;;50.0;;29.0;;;;;media
MS;DE TOTAL DE TOTAL DE;total;;;;;;;;;media
MS;PLANALTO LESTE MATOGROSSENSE;microrregiao;373.0;7137.0;318.0;3766.0;134.0;;;;media
MS;ALTO TAOUARI;municipio;54.0;1199.0;51.0;749.0;25.0;;;;media
MS;se CAMAPUÃ;mesorregiao;359.0;;210.0;11.0;14.0;;;;media
MS;COXIM;mesorregiao;313.0;;221.0;;20.0;;;;media
MS;PEDRO GOMES;mesorregiao;41.0;;;;;;;;media
MS;RIO VERDE DE MATO GROSSO;mesorregiao;419.0;;277.0;;17.0;;;;media
MS;ss PARANAIBA;mesorregiao;3022.0;152.0;1512.0;51.0;;;;;media
MS;APARECIDA DO TABOADO;mesorregiao;304.0;;141.0;;;;;;media
MS;CASSILANDIA;mesorregiao;41.0;35.0;230.0;12.0;14.0;;;;media
MS;sa COSTA RICA;mesorregiao;13.0;13.0;261.0;;;;;;media
MS;INOCENCIA;mesorregiao;635.0;;295.0;10.0;20.0;;;;media
MS;TRES LAGOAS;municipio;61.0;1435.0;57.0;31.0;62.0;;;;media
MS;RIBAS DO RIO PARDO;mesorregiao;232.0;;192.0;15.0;20.0;;;;media
MS;NOVA ANDRADINA;municipio;78.0;1481.0;58.0;645.0;27.0;;;;media
PA;TOTAIS;total;462.0;4265.0;428.0;2462.0;229.0;548.0;30.0;62.0;media
PA;HILEIA PARAENSE;mesorregiao;131.0;1502.0;129.0;779.0;46.0;107.0;;;media
PA;MEDI O AMAZONAS PARAENSE;microrregiao;72.0;1057.0;72.0;508.0;20.0;56.0;;;media
PA;ALENQUER;municipio;10.0;54.0;10.0;54.0;;;;;media
PA;FARO;municipio;18.0;285.0;18.0;124.0;;;;;media
PA;JURUTI;municipio;;22.0;;;;;;;media
PA;OBlDOS;municipio;24.0;473.0;24.0;182.0;13.0;39.0;;;media
PA;ORIXIMINA;municipio;10.0;151.0;10.0;104.0;;13.0;;;media
PA;SANTAREM;municipio;;72.0;;35.0;;;;;media
PA;TAPA JOS;microrregiao;;21.0;;;;;;;media
PA;AVEIRO;municipio;;;;;;;;;media
PA;ITAITUBA;municipio;;18.0;;;;;;;media
PA;BAIXO AMAZONAS;microrregiao;;205.0;;112.0;;;;;media
PA;ALMEIRIM;municipio;;85.0;;48.0;;;;;media
PA;PRAINHA;municipio;;120.0;3.0;64.0;;;;;media
PA;XINGU;microrregiao;24.0;79.0;24.0;50.0;;22.0;;2.0;media
PA;ALTAMIRA;municipio;24.0;79.0;24.0;50.0;;22.0;;;media
PA;SÃO FELIX DO XINGU;municipio;;;;;;;;;media
PA;ARAGUAIA PARAENSE;microrregiao;28.0;140.0;26.0;102.0;15.0;20.0;;;media
PA;CONCEIÇÃO DO ARAGUAIA;municipio;18.0;67.0;15.0;43.0;;10.0;;;media
PA;REDENÇÃO;municipio;;18.0;;5.0;;;;;media
PA;RIO MARIA;municipio;;51.0;;51.0;;;;;media
PA;XINGUARA;municipio;;;3.0;;;;;;media
PA;LESTE PARAENSE;mesorregiao;329.0;2745.0;297.0;1675.0;182.0;440.0;28.0;59.0;media
PA;FUROS;microrregiao;13.0;35.0;13.0;25.0;;;;12.0;media
PA;AFUA;municipio;;;;;;;;;media
PA;CURRALINHO;municipio;;;;;;;;;media
PA;GURUPA;municipio;;16.0;7.0;13.0;;;;12.0;media
PA;PORTEL;municipio;;15.0;;;2.0;;;;media
PA;CAMPOS DE MARAJO;microrregiao;177.0;1884.0;151.0;1127.0;66.0;274.0;;;media
PA;CACHOEIRA DO ARAR(;municipio;19.0;105.0;20.0;105.0;13.0;44.0;;;media
PA;CHAVES;municipio;44.0;274.0;31.0;274.0;;28.0;;;media
PA;MUANA;municipio;37.0;298.0;23.0;165.0;13.0;58.0;;;media
PA;PONTA OE PEDRAS;municipio;;16.0;4.0;16.0;;;;;media
PA;SALVATERRA;municipio;;183.0;10.0;74.0;;61.0;;;media
PA;SANTA CRUZ DO ARAR(;municipio;58.0;859.0;57.0;419.0;23.0;76.0;;;media
PA;SOURE;municipio;6.0;149.0;;74.0;;;;;media
PA;BAIXO TOCANTINS;microrregiao;;29.0;;;;;;;media
PA;ABAETETUBA;municipio;;;;;;;;;media
PA;BAIÃO;municipio;;29.0;;;;;;;media
PA;BARCARENA;municipio;;;;;;;;;media
PA;CAMETA;municipio;;;;;;;;;media
PA;MARABA;microrregiao;;32.0;;32.0;274.0;13.0;22.0;17.0;media
PA;ITUPIRANGA;municipio;46.0;13.0;13.0;;;;;;media
PA;JACUNDA;municipio;47.0;100.0;73.0;;;;;;media
PA;MARABA;municipio;48.0;17.0;374.0;17.0;174.0;;;;media
PA;SÃO JOÃO DO ARAGUAIA;municipio;49.0;14.0;14.0;14.0;21.0;;;;media
PA;TUCURUI;municipio;50.0;;;;;;;;media
PA;TOME-AÇU;microrregiao;;25.0;;25.0;94.0;20.0;36.0;;media
PA;ACARA;municipio;52.0;;;;;;;;media
PA;TOME-AÇU;municipio;53.0;25.0;94.0;25.0;94.0;20.0;36.0;10.0;media
PA;GUAJARINA;microrregiao;;55.0;;53.0;98.0;59.0;77.0;;media
PA;CAPITÃO POÇO;municipio;55.0;14.0;;;;;;;media
PA;IRITUIA;municipio;56.0;;;;;;;;media
PA;OUREM;municipio;57.0;33.0;25.0;;;;;;media
PA;PARAGOMI NAS;municipio;58.0;24.0;45.0;23.0;37.0;30.0;42.0;;media
PA;RONOON DO PARA;municipio;59.0;12.0;23.0;12.0;23.0;;;;media
PA;SÃO DOMINGOS DO CAPIM;municipio;60.0;;;;;;;;media
PA;SALGADO;microrregiao;;;;;;;;;media
PA;MARACANÃ;municipio;62.0;;;;;;;;media
PA;MARAPANIM;municipio;63.0;;;;;;;;media
PA;PRIMAVERA;municipio;64.0;;;;;;;;media
PA;SÃO CAETANO DE ODIVELAS;municipio;65.0;;;;;;;;media
PA;BRAGANTINA;microrregiao;;19.0;;17.0;44.0;21.0;27.0;;media
PA;AUGUSTO CORREA;municipio;67.0;;;;;;;;media
PA;BONITO;municipio;68.0;;;;;;;;media
PA;BRAGANÇA;municipio;69.0;18.0;11.0;;;;;;media
PA;CAPANEMA;municipio;70.0;;;;;;;;media
PA;CASTANHAL;municipio;71.0;;;;;;;;media
PA;IGARAPE-AÇU;municipio;72.0;;;;;;;;media
PA;INHANGAPI;municipio;73.0;12.0;;;;;;;media
PA;NOVA TIMBOTEUA;municipio;74.0;;;;;;;;media
PA;PEIXE-BOI;municipio;75.0;19.0;;;;;;;media
PA;SANTA ISABEL DO PARA;municipio;76.0;;;;;;;;media
PA;SANTA MARIA DO PARA;municipio;77.0;;;;;;;;media
PA;SÃO FRANCISCO DO PARA;municipio;78.0;;;;;;;;media
PA;SÃO MIGUEL DO GUAMA;municipio;79.0;10.0;;;;;;;media
PA;ANANINOEUA;municipio;82.0;;;;;;;;media
PA;BENEVIDES;municipio;84.0;18.0;;;;;;;media
PB;TOTAIS;total;3247.0;10933.0;2582.0;4958.0;735.0;890.0;1593.0;1834.0;baixa
PB;SERTÃO PARAIBANO;mesorregiao;2112.0;7923.0;1771.0;3445.0;319.0;403.0;1310.0;1524.0;baixa
PB;CATOLE;microrregiao;211.0;919.0;195.0;403.0;28.0;37.0;;86.0;baixa
PB;BOM SUCESSO;municipio;22.0;63.0;20.0;28.0;;;;;baixa
PB;BREJO DO CRUZ;municipio;79.0;510.0;73.0;192.0;11.0;18.0;;36.0;baixa
PB;BREJO DOS SANTOS;municipio;12.0;27.0;;13.0;;;;;baixa
PB;CATOLE DO ROCHA;municipio;;41.0;;17.0;;;;;baixa
PB;JERICO;municipio;44.0;159.0;40.0;61.0;;;;;baixa
PB;SÃO BENTO;municipio;13.0;53.0;13.0;28.0;;;;;baixa
PB;SERIDO PARAIBANO;microrregiao;49.0;123.0;45.0;73.0;;10.0;;38.0;baixa
PB;FREI MARTINHO;municipio;;14.0;;;;;;;baixa
PB;JUAZEIRINHO;municipio;10.0;21.0;;13.0;;;;11.0;baixa
PB;NOVA PALMEIRA;municipio;;17.0;;10.0;;;;;baixa
PB;PEDRA LAVRADA;municipio;17.0;44.0;17.0;26.0;4.0;;;;baixa
PB;PICUI;municipio;;19.0;;;;;;;baixa
PB;SER IDO;municipio;;;;;;;;;baixa
PB;CURIMATAU;microrregiao;71.0;243.0;61.0;119.0;16.0;22.0;;103.0;baixa
PB;ARARUNA;municipio;40.0;137.0;33.0;67.0;;11.0;;70.0;baixa
PB;BARRA DE SANTA ROSA;municipio;;12.0;;;;;;10.0;baixa
PB;CAC IMBA DE DENTRO;municipio;;11.0;;;;;;;baixa
PB;CU ITE;municipio;;17.0;;;;;;;baixa
PB;DONA INES;municipio;;20.0;;;;;;;baixa
PB;NOVA FLORESTA;municipio;;;;;;;;;baixa
PB;TACIMA;municipio;;45.0;;19.0;;;;;baixa
PB;SERTÃO DE CAJAZEIRAS;microrregiao;68.0;304.0;60.0;123.0;25.0;33.0;;45.0;baixa
PB;ANTENOR NAVARRO;municipio;12.0;100.0;10.0;36.0;;12.0;;;baixa
PB;CAJAZEIRAS;municipio;;2.0;;;;;;;baixa
PB;CARRAPATEIRA;municipio;;;;;;;;;baixa
PB;CURRAL VELHO;municipio;;10.0;;;;;;;baixa
PB;IBIARA;municipio;;;;;;;;;baixa
PB;SÃO JOSE DE PIRANHAS;municipio;;21.0;;;;;;;baixa
PB;UIRAUNA;municipio;48.0;171.0;44.0;73.0;;;;31.0;baixa
PB;DEPRESSÃO DO ALTO PIRANHAS;microrregiao;1348.0;5021.0;1108.0;2051.0;171.0;220.0;;1024.0;baixa
PB;CACIMBA DE AREIA;municipio;;12.0;;;;;;;baixa
PB;CATINGUEIRA;municipio;88.0;341.0;75.0;133.0;;;;65.0;baixa
PB;CONDADO;municipio;;;;;;;;;baixa
PB;COREMAS;municipio;;23.0;;10.0;;;;;baixa
PB;DESTERRO DE MALTA;municipio;19.0;53.0;16.0;21.0;;;;18.0;baixa
PB;IT APORANGA;municipio;;17.0;;;;;;11.0;baixa
PB;JUNCO DO SERIDO;municipio;;31.0;;14.0;;;;;baixa
PB;LAGOA;municipio;83.0;214.0;58.0;74.0;14.0;14.0;;22.0;baixa
PB;LASTRO;municipio;;;;;;;;;baixa
PB;MALTA;municipio;;28.0;;12.0;;;;;baixa
PB;OLHO D' AGUA;municipio;2.0;32.0;;13.0;;;;;baixa
PB;PASSAGEM;municipio;10.0;21.0;10.0;16.0;;;;16.0;baixa
PB;PATOS;municipio;64.0;210.0;57.0;93.0;;;;58.0;baixa
PB;PAULISTA;municipio;217.0;800.0;147.0;259.0;19.0;24.0;;130.0;baixa
PB;PIANCO;municipio;2.0;;;;;;;;baixa
PB;POMBAL;municipio;1232.0;;302.0;550.0;39.0;46.0;288.0;;baixa
PB;QUIXABA;municipio;13.0;;;;;;;;baixa
PB;SALGADI NHO;municipio;38.0;;12.0;17.0;;;21.0;;baixa
PB;SANTA LUZIA;municipio;92.0;;17.0;31.0;;;18.0;;baixa
PB;SANTANA DOS GARROTES;municipio;256.0;;53.0;107.0;;;28.0;;baixa
PB;SANTA TERESINHA;municipio;202.0;;50.0;72.0;;10.0;31.0;;baixa
PB;SÃO JOSE DE ESPINHARAS;municipio;484.0;;78.0;221.0;;20.0;36.0;;baixa
PB;SÃO JOSE DO BONFIM;municipio;82.0;;24.0;39.0;;;18.0;;baixa
PB;SÃO JOSE DO SABUGI;municipio;187.0;;50.0;80.0;;;39.0;;baixa
PB;SÃO MAMEDE;municipio;345.0;;59.0;126.0;15.0;20.0;75.0;;baixa
PB;SOUSA;municipio;185.0;;32.0;81.0;16.0;22.0;;;baixa
PB;VARZEA;municipio;108.0;;30.0;57.0;;10.0;20.0;;baixa
PB;CARIRIS VELHOS;microrregiao;232.0;;275.0;641.0;67.0;78.0;180.0;;baixa
PB;AROEIRAS;municipio;63.0;;18.0;39.0;;;;;baixa
PB;BARRA DE SÃO MIGUEL;municipio;44.0;;12.0;22.0;;;16.0;;baixa
PB;BOQUEIRÃO;municipio;342.0;;54.0;165.0;;;42.0;;baixa
PB;CABACEIRAS;municipio;16.0;;;;;;;;baixa
PB;CAMALAU;municipio;;;;;;;;;baixa
PB;GURJÃO;municipio;54.0;;13.0;28.0;;;;;baixa
PB;MONTEIRO;municipio;46.0;;;15.0;;;;;baixa
PB;NATUBA;municipio;16.0;;;;;;;;baixa
PB;OLIVEDOS;municipio;15.0;;;;;;;;baixa
PB;OURO VELHO;municipio;52.0;;;29.0;;;;;baixa
PB;SÃO JOÃO DO CARIRI;municipio;143.0;;35.0;80.0;16.0;17.0;10.0;;baixa
PB;SÃO JOÃO DO TIGRE;municipio;;;;;;;;;baixa
PB;SÃO JOSE DOS CORDEIROS;municipio;139.0;;34.0;63.0;;;29.0;;baixa
PB;SÃO SEBASTIÃO DO UMBUZEIRO;municipio;48.0;;10.0;39.0;;11.0;;;baixa
PB;SERRA BRANCA;municipio;86.0;;27.0;48.0;;;17.0;;baixa
PB;SOLEDADE;municipio;100.0;;24.0;48.0;;;22.0;;baixa
PB;SUME;municipio;16.0;;;;;;;;baixa
PB;UMBUZEIRO;municipio;48.0;;20.0;36.0;;;14.0;;baixa
PB;SERRA DO TEIXEIRA;microrregiao;81.0;;27.0;35.0;;;11.0;;baixa
PB;DESTERRO;municipio;71.0;;22.0;29.0;;;;;baixa
PB;IMACULADA;municipio;;;;;;;;;baixa
PB;MÃE D' AGUA;municipio;;;;;;;;;baixa
PB;PRINCESA ISABEL;municipio;;;;;;;;;baixa
PB;TEIXEIRA;municipio;;;;;;;;;baixa
PB;AGRESTE E BREJO PARAIBANO;mesorregiao;2529.0;;664.0;1259.0;365.0;429.0;257.0;;baixa
PB;PIEMONTE DA BORBOREMA;microrregiao;1191.0;;320.0;586.0;181.0;214.0;98.0;;baixa
PB;ALAGOA GRANDE;municipio;274.0;;91.0;151.0;54.0;62.0;21.0;;baixa
PB;ALAGOINHA;municipio;39.0;;20.0;32.0;;;;;baixa
PB;ARAÇAGI;municipio;97.0;;24.0;40.0;;;;;baixa
PB;CAIÇARA;municipio;52.0;;17.0;28.0;;;;;baixa
PB;CUITEGI;municipio;13.0;;;;;;;;baixa
PB;DUAS ESTRADAS;municipio;;;;;;;;;baixa
PB;GUARABIRA;municipio;53.0;;14.0;27.0;;;;;baixa
PB;GURINHEM;municipio;140.0;;24.0;77.0;16.0;18.0;;;baixa
PB;INGA;municipio;61.0;;17.0;25.0;;;;;baixa
PB;ITATUBA;municipio;175.0;;36.0;80.0;29.0;35.0;27.0;;baixa
PB;JUAREZ TAVORA;municipio;54.0;;12.0;15.0;10.0;10.0;;;baixa
PB;LAGOA DE DENTRO;municipio;;;;;;;;;baixa
PB;MULUNGU;municipio;153.0;;25.0;64.0;13.0;18.0;;;baixa
PB;PILÕEZINHOS;municipio;25.0;;16.0;17.0;18.0;17.0;;;baixa
PB;SERRA DA RAIZ;municipio;;;;;;;;;baixa
PB;AGRESTE DA BORBOREMA;municipio;174.0;489.0;;120.0;233.0;43.0;48.0;130.0;baixa
PB;BREJO PARAIBANO;municipio;224.0;483.0;;149.0;244.0;80.0;90.0;32.0;baixa
PB;AGRO-PASTORIL;municipio;103.0;366.0;;75.0;196.0;61.0;77.0;20.0;baixa
PB;JOÃO PESSOA;microrregiao;204.0;481.0;;147.0;250.0;51.0;58.0;28.0;baixa
PB;LITORAL PARAIBANO;municipio;204.0;481.0;;147.0;254.0;51.0;58.0;28.0;baixa
PB;CAAPORÂ;mesorregiao;;;;;;;2.0;;baixa
PB;JACARAU;mesorregiao;;;;;6.0;3.0;;;baixa
PR;TOTAIS;total;3845.0;16627.0;3573.0;9839.0;2611.0;3756.0;80.0;142.0;baixa
PR;CURITIBA;mesorregiao;21.0;118.0;21.0;93.0;;60.0;;;baixa
PR;CURITIBA;microrregiao;21.0;118.0;21.0;93.0;;60.0;;;baixa
PR;ALMIRANTE TAMANDARE;municipio;;;;;;;;;baixa
PR;ARAUCARIA;municipio;;;;;;;;;baixa
PR;BALSA NOVA;municipio;;35.0;;35.0;;;;;baixa
PR;BOCAIUVA DO SUL;municipio;;19.0;;10.0;;;;;baixa
PR;CAMPINA GRANDE DO SUL;municipio;;14.0;;;;;;;baixa
PR;CAMPO LARGO;municipio;;18.0;;18.0;;;;;baixa
PR;COLOMBO;municipio;;;;;;;;;baixa
PR;CONTENDA;municipio;;;;;;32.0;;;baixa
PR;CURITIBA;municipio;;;;;;;;;baixa
PR;MANDIRITUBA;municipio;;;;;;;;;baixa
PR;PIRAQUARA;municipio;;;2.0;;;;;;baixa
PR;QUATRO BARRAS;municipio;;;;;;;;;baixa
PR;LESTE PARANAENSE;mesorregiao;298.0;1382.0;265.0;918.0;;594.0;;22.0;baixa
PR;LITORAL PARANAENSE;microrregiao;;38.0;;27.0;;;;;baixa
PR;ANTONINA;municipio;;34.0;;23.0;;;;;baixa
PR;GUARAQUEÇABA;municipio;2.0;;;;;;;;baixa
PR;MORRETES;municipio;;;;;;;;;baixa
PR;PARANAGUA;municipio;;;;;;;;;baixa
PR;ALTO RIBEIRA;microrregiao;47.0;171.0;41.0;112.0;;85.0;;;baixa
PR;ADRIANOPOLIS;municipio;10.0;58.0;;42.0;;11.0;;;baixa
PR;CERRO AZUL;municipio;37.0;113.0;33.0;70.0;;74.0;;;baixa
PR;ALTO RIO NEGRO PARANAENSE;microrregiao;;;;;;;;;baixa
PR;PIEN;municipio;;;;;;;;;baixa
PR;OUITANDINHA;municipio;;;;;;;;;baixa
PR;TIJUCAS DO SUL;municipio;;2.0;;;;;;;baixa
PR;CAMPOS DE LAPA;microrregiao;18.0;131.0;17.0;63.0;;23.0;;12.0;baixa
PR;LAPA;municipio;;93.0;;40.0;;20.0;;10.0;baixa
PR;PALMEIRA;municipio;;29.0;;20.0;;;;;baixa
PR;PORTO AMAZONAS;municipio;;3.0;;;;;;;baixa
PR;RIO NEGRO;municipio;2.0;;;;;;;;baixa
PR;CAMPOS DE PONTA GROSSA;microrregiao;36.0;189.0;33.0;133.0;;65.0;;;baixa
PR;CASTRO;municipio;14.0;68.0;14.0;49.0;;22.0;;;baixa
PR;PONTA GROSSA;municipio;;36.0;;35.0;;;;;baixa
PR;TIBAGI;municipio;15.0;85.0;12.0;49.0;;37.0;;;baixa
PR;CAMPOS DE JAGUARIAIVA;microrregiao;3.0;10.0;;10.0;;23.0;;;baixa
PR;ARAPOTI;municipio;;;;;;21.0;;;baixa
PR;JAGUARIAIVA;municipio;;;;;;;;;baixa
PR;SENGES;municipio;;;;;;;;;baixa
PR;INFOR-;municipio;1.0;1.0;1.0;;;;;;baixa
PR;TOTAL OE TOTAL OE TOTAL OE;total;;;;;;;;;baixa
PR;MANTES CABEÇAS MANTES CABEÇAS MANTES CABEÇAS MANTES CABEÇAS;municipio;;;;;;;;;baixa
PR;SÃO MATEUS;microrregiao;22.0;19.0;39.0;;;;;;baixa
PR;ANTONIO OLINTO;microrregiao;;;;;;;;;baixa
PR;SÃO JOÃO;microrregiao;;;;;;;;;baixa
PR;SÃO MATEUS;microrregiao;20.0;18.0;29.0;;;;;;baixa
PR;COLONIAL;microrregiao;20.0;64.0;16.0;51.0;30.0;69.0;;;baixa
PR;IMBITUVA;microrregiao;;;;;;;;;baixa
PR;IRATI;microrregiao;;;;;;13.0;26.0;;baixa
PR;PRUDENTOPOLIS;microrregiao;;;16.0;;;;;;baixa
PR;REBOUÇAS;microrregiao;;;;;;;;;baixa
PR;RIO AZUL;microrregiao;;;12.0;;;12.0;35.0;;baixa
PR;TEIXEIRA SOARES;microrregiao;30.0;30.0;;;;;;;baixa
PR;NORTE VELHO JlE VENCESLAU BRAZ;microrregiao;45.0;229.0;38.0;126.0;99.0;165.0;;;baixa
PR;CARLOPOLIS;microrregiao;;;;;;;;;baixa
PR;CONSELHEIRO MAIRINCK;microrregiao;37.0;20.0;;;;;;;baixa
PR;CURIUVA;microrregiao;;;29.0;;;;;;baixa
PR;FIGUEIRA;microrregiao;;;;;;;;;baixa
PR;IBAITI;microrregiao;;10.0;32.0;;;27.0;44.0;;baixa
PR;JABOTI;microrregiao;;;;;;;;;baixa
PR;.JAPIRA;microrregiao;;;;;;15.0;24.0;;baixa
PR;JOAQUIM TAVORA;microrregiao;;;22.0;;;;;;baixa
PR;PINHALÃO;microrregiao;;;26.0;;;18.0;22.0;;baixa
PR;QUATIGUA;microrregiao;;;;;;;;;baixa
PR;SALTO DO ITARARE;microrregiao;;;;;;;;;baixa
PR;SANTANA DO ITARARE;microrregiao;;;;;;;;;baixa
PR;SÃO JOSE DA BOA VISTA;microrregiao;;;;;;;;;baixa
PR;SAPOPEMA;microrregiao;;;34.0;;;;23.0;;baixa
PR;SIQUEIRA CAMPOS;microrregiao;2.0;;;;;;;;baixa
PR;TOMAZINA;microrregiao;;;28.0;;;10.0;15.0;;baixa
PR;MEOIO IGUAÇU;microrregiao;;117.0;521.0;;104.0;61.0;113.0;;baixa
PR;BITURUNA;microrregiao;;10.0;64.0;;11.0;10.0;22.0;;baixa
PR;CLEVELANDIA;microrregiao;;;13.0;;;;;;baixa
PR;CRUZ MACHADO;microrregiao;;;;;;;;;baixa
PR;GENERAL CARNEIRO;microrregiao;10.0;7.0;;;;;;;baixa
PR;MANGUEIRINHA;microrregiao;;52.0;188.0;;37.0;;11.0;;baixa
PR;PALMAS;microrregiao;;41.0;192.0;;43.0;34.0;58.0;;baixa
PR;PORTO VITORIA;microrregiao;7.0;;;;;;;;baixa
PR;UNIÃO DA VITORIA;microrregiao;40.0;30.0;;;;;;;baixa
PR;OESTE PARANAENSE;microrregiao;;1117.0;4100.0;;1052.0;504.0;716.0;23.0;baixa
PR;ALTO IVAI;microrregiao;;30.0;133.0;;28.0;38.0;65.0;;baixa
PR;CANDIDO DE ABREU;microrregiao;19.0;18.0;;;;;;;baixa
PR;IPIRANGA;microrregiao;;;2.0;;;;;;baixa
PR;I'VAI;microrregiao;;;;;;;;;baixa
PR;ORTI GUE IRA;microrregiao;17.0;62.0;16.0;46.0;19.0;30.0;;;baixa
PR;RESERVA;microrregiao;;;47.0;;;12.0;26.0;;baixa
PR;CAMPO MOURÃO;microrregiao;;277.0;979.0;;262.0;304.0;406.0;17.0;baixa
PR;ARARUNA;microrregiao;;;28.0;;;;;;baixa
PR;BARBOSA FERRAZ;microrregiao;162.0;453.0;149.0;258.0;207.0;271.0;15.0;21.0;baixa
PR;BOA ESPERANÇA;microrregiao;;;;;;;;;baixa
PR;TOTAL DE TOTAL DE TOTAL DE;total;;;;;;;;;baixa
PR;CAMPINA DA LAGOA;microrregiao;12.0;34.0;11.0;24.0;13.0;21.0;;;baixa
PR;CAMPO MOURÃO;microrregiao;;18.0;66.0;;18.0;14.0;17.0;;baixa
PR;ENGENHEIRO BELTRÃO;microrregiao;;;;;;;;;baixa
PR;FENIX;microrregiao;;;;;;;;;baixa
PR;GOIO-ERE;microrregiao;;;23.0;;;;;;baixa
PR;IRETAMA;microrregiao;;;30.0;;;;;;baixa
PR;JANIOPOLIS;microrregiao;;;18.0;;;;11.0;;baixa
PR;JURANDA;microrregiao;;;11.0;;;;;;baixa
PR;MAMBORE;microrregiao;;11.0;28.0;;11.0;10.0;11.0;;baixa
PR;MARILUZ;microrregiao;;11.0;121.0;;12.0;;;;baixa
PR;MOREIRA SALES;microrregiao;18.0;63.0;17.0;36.0;16.0;23.0;;;baixa
PR;PEABIRU;microrregiao;;;45.0;;;;;;baixa
PR;QUINTA;microrregiao;;;;;;;;;baixa
PR;RONCADOR;microrregiao;;;16.0;;;;;;baixa
PR;UBIRATÃ;microrregiao;;;33.0;;;;;;baixa
PR;PITANGA;mesorregiao;;40.0;251.0;;36.0;47.0;91.0;;baixa
PR;AL TAMIRA DO PARANA;microrregiao;12.0;92.0;57.0;14.0;22.0;;;;baixa
PR;MANOEL RIBAS;microrregiao;;;;;;;;;baixa
PR;PALMITAL;microrregiao;;;52.0;;;;25.0;;baixa
PR;PITANGA;microrregiao;;16.0;98.0;;16.0;24.0;43.0;;baixa
PR;EXTREMO OESTE PARANAENSE;mesorregiao;;358.0;1582.0;;343.0;60.0;73.0;;baixa
PR;ASSIS CHATEAUBRIAND;microrregiao;;14.0;61.0;;14.0;;;;baixa
PR;BOA VISTA DA APARECIDA;microrregiao;;;;;;;;;baixa
PR;BRAGANEY;microrregiao;;16.0;58.0;;16.0;;;;baixa
PR;CAPITÃO LEONIDAS MARQUES;microrregiao;38.0;;;;;;;;baixa
PR;CASCAVEL;microrregiao;;30.0;112.0;;25.0;;;;baixa
PR;CATANDUVAS;microrregiao;;;;;3.0;;;;baixa
PR;CEU AZUL;microrregiao;;3.0;;;;;;;baixa
PR;CORBELIA;microrregiao;;12.0;35.0;;12.0;;;;baixa
PR;FORMOSA DO OESTE;microrregiao;10.0;74.0;20.0;;;;;;baixa
PR;FOZ DO IGUAÇU;microrregiao;23.0;2.0;14.0;;;;;;baixa
PR;GUAIRA;microrregiao;;13.0;64.0;;13.0;;;;baixa
PR;GUARANIAÇU;microrregiao;;;39.0;;;;;;baixa
PR;JESUITAS;microrregiao;;;;;;;;;baixa
PR;MARECHAL CANO IDO RONDON;microrregiao;36.0;224.0;36.0;95.0;2.0;;;;baixa
PR;MATELAl-:(OIA;microrregiao;;18.0;31.0;;17.0;;;;baixa
PR;MEDIANEIRA;microrregiao;;10.0;52.0;;;;;;baixa
PR;MISSAL;microrregiao;;17.0;151.0;;16.0;;;;baixa
PR;NOVA AURORA;microrregiao;;;23.0;;8.0;;;;baixa
PR;NOVA SANTA ROSA;microrregiao;3.0;;;;;;;;baixa
PR;PALOTINA;microrregiao;;22.0;168.0;;21.0;;;;baixa
PR;SANTA HELENA;microrregiao;19.0;83.0;18.0;48.0;;;;;baixa
PR;SÃO MIGUEL DO IGUAÇU;microrregiao;43.0;125.0;41.0;101.0;;;;;baixa
PR;TERRA ROXA;microrregiao;44.0;124.0;44.0;92.0;22.0;32.0;;;baixa
PR;TOLEDO;microrregiao;;21.0;76.0;;19.0;;;;baixa
PR;TUPÂSSI;microrregiao;;;4.0;;2.0;;;;baixa
PR;SUDOESTE PARANAENSE;mesorregiao;;384.0;994.0;;357.0;37.0;38.0;;baixa
PR;AMPERE;microrregiao;;16.0;49.0;;13.0;;;;baixa
PR;BARRACÃO;microrregiao;;;28.0;;;;;;baixa
PR;CAPANEMA;microrregiao;;25.0;78.0;;24.0;;;;baixa
PR;CHOPINZINHO;microrregiao;;25.0;60.0;;22.0;;;;baixa
PR;CORONEL VIVIDA;microrregiao;17.0;;;;;;;;baixa
PR;DOIS VIZINHOS;microrregiao;;34.0;101.0;;31.0;;;;baixa
PR;ENEAS MARQUES;microrregiao;;17.0;51.0;;14.0;;;;baixa
PR;FRANCISCO BELTRÃO;microrregiao;35.0;80.0;36.0;43.0;;;;;baixa
PR;ITAPEJARA D' OESTE;microrregiao;16.0;;;;;;;;baixa
PR;INFOR-;municipio;;;;;;;;;baixa
PR;MANTES CABECAS MANTES CABEÇAS MANTES CABEÇAS MANTES CABEÇAS;municipio;;;;;;;;;baixa
PR;MARIOPOLIS;microrregiao;;;;;;;;;baixa
PR;MARMELEIRO;microrregiao;;;;;12.0;39.0;;11.0;baixa
PR;NOVA PRATA DO IGUAÇU;microrregiao;15.0;39.0;14.0;20.0;;;;;baixa
PR;PATO BRANCO;microrregiao;;;;;16.0;48.0;;14.0;baixa
PR;PERO LA;microrregiao;14.0;;;;;;;;baixa
PR;PLANALTO;microrregiao;;;;;;;;;baixa
PR;PRANCHITA;microrregiao;;;;;38.0;77.0;;36.0;baixa
PR;REALEZA;microrregiao;;;;;26.0;72.0;;24.0;baixa
PR;RENASCENÇA;microrregiao;;;;;11.0;22.0;;11.0;baixa
PR;SALGADO FILHO;microrregiao;29.0;70.0;27.0;54.0;;;;;baixa
PR;SALTO DO LONTRA;microrregiao;;;;;;;;;baixa
PR;SANTA IZABEL DO OESTE;microrregiao;18.0;32.0;18.0;28.0;;;;;baixa
PR;SANTO ANTONIO DO SUDOESTE;microrregiao;24.0;17.0;;;;;;;baixa
PR;SÃO JOÃO;microrregiao;;;;;;12.0;;;baixa
PR;SÃO JORGE D' OESTE;microrregiao;;;;;;;;;baixa
PR;VERE;microrregiao;;;;;13.0;25.0;;11.0;baixa
PR;VITORINO;microrregiao;;;;;;11.0;;;baixa
PR;CAMPOS OE GUARAPUAVA;mesorregiao;28.0;161.0;26.0;147.0;18.0;43.0;;;baixa
PR;CANTAGALO;microrregiao;;;;;;;;;baixa
PR;GUARAPUAVA;microrregiao;;;;;;12.0;;;baixa
PR;INACIO MARTINS;microrregiao;;;;;;;;;baixa
PR;LARANJEIRAS DO SUL;microrregiao;11.0;32.0;11.0;23.0;;;;;baixa
PR;PINHÃO;microrregiao;;;;;;94.0;;;baixa
PR;TURVO;microrregiao;;;;;;16.0;;;baixa
PR;NORTE PARANAENSE;mesorregiao;;;;2409.0;;;2235.0;;baixa
PR;NORTE VELHO OE JACAREZINHO;microrregiao;55.0;227.0;46.0;131.0;45.0;82.0;;;baixa
PR;ABATIA;microrregiao;;;;;;;;;baixa
PR;ANDIRA;microrregiao;;;;;;;;;baixa
PR;BANDEIRANTES;microrregiao;;;;;;;;;baixa
PR;BARRA DO JACARE;microrregiao;;;;;;;;;baixa
PR;CAMBARA;microrregiao;;;;;;;;;baixa
PR;CONGONHINHAS;microrregiao;;;;;;;;;baixa
PR;CORNELIO PROCOPIO;microrregiao;;;;;;19.0;;;baixa
PR;I T AMBARACA;microrregiao;;;;;;;;;baixa
PR;.JACAREZINHO;microrregiao;;;;;;10.0;;;baixa
PR;.JUNDIAI DO SUL;microrregiao;;;;;;;;;baixa
PR;LEOPOLIS;microrregiao;;;;;11.0;31.0;;10.0;baixa
PR;NOVA AMERICA OA COLINA;microrregiao;;;;;;;;;baixa
PR;NOVA FATIMA;microrregiao;;;;;;;;;baixa
PR;RIBEIRÃO CLARO;microrregiao;20.0;113.0;12.0;43.0;15.0;23.0;;;baixa
PR;RIBEIRÃO;microrregiao;;;;;;;;;baixa
PR;SANTA AMELIA;microrregiao;;;;;;;;;baixa
PR;SANTA MARIANA;microrregiao;;;;;;22.0;;;baixa
PR;SANTO ANTONIO DA PLATINA;microrregiao;;;;;;;;;baixa
PR;SANTO ANTONIO DO PARA ISO;microrregiao;;;;;;;;;baixa
PR;SERTANEJA;microrregiao;;;;;;;;;baixa
PR;ALGODOEIRA DE ASSAI;microrregiao;15.0;13.0;11.0;;;;;;baixa
PR;ASSAI;microrregiao;;;;;;;;;baixa
PR;.JATAIZINHO;microrregiao;;;;;;;;;baixa
PR;SANTA CECILIA;microrregiao;;;;;;;;;baixa
PR;SÃO JERONIMO DA SERRA;microrregiao;;;;;;;;;baixa
PR;SÃO SEBASTIÃO DA AMOREIRA;microrregiao;;;;;;;;;baixa
PR;URAI;microrregiao;;;;;;;;;baixa
PR;CENSOS ECONOMICOS -;microrregiao;1985.0;;;;;;;;baixa
PR;CENSO AGROPECUARIO - PARANA;microrregiao;;;;;;;;;baixa
PR;MUARES OVINOS SUINOS CAPRINOS;mesorregiao;;;;;;;;;baixa
PR;INFOR-;total;;;;;;;;;baixa
PR;NORTE NOVO DE LONDRINA;municipio;;360.0;1452.0;;350.0;293.0;409.0;11.0;baixa
PR;ALVORADA DO SUL;municipio;;3.0;28.0;;;;;;baixa
PR;ARAPONGAS;municipio;;18.0;53.0;;16.0;18.0;22.0;;baixa
PR;CAFEARA;municipio;;;61.0;;;;22.0;;baixa
PR;CAMBE;municipio;;17.0;93.0;;16.0;;;;baixa
PR;CENTENARIO;municipio;0.0;24.0;72.0;24.0;52.0;18.0;30.0;;baixa
PR;COLORADO;municipio;;11.0;52.0;;11.0;;;;baixa
PR;FLORESTOPOLIS;municipio;;15.0;53.0;;15.0;;;;baixa
PR;GUARACI;municipio;;;37.0;;;;;;baixa
PR;IBIPORÃ;municipio;;;21.0;;;;;;baixa
PR;IGUARAÇU;municipio;;13.0;14.0;;15.0;15.0;18.0;;baixa
PR;ITAGUAJE;municipio;;;27.0;;;;;;baixa
PR;JAGUAPITÃ;microrregiao;;15.0;51.0;;13.0;11.0;18.0;;baixa
PR;LONDRINA;municipio;;31.0;145.0;;27.0;26.0;43.0;;baixa
PR;LUPIONOPOLIS;municipio;;;12.0;;;;;;baixa
PR;MIRASELVA;municipio;;4.0;;;;;;;baixa
PR;MUNHOZ DE MELO;municipio;;22.0;70.0;;22.0;44.0;67.0;;baixa
PR;NOSSA SENHORA DAS GRAÇAS;municipio;;;;;;;;;baixa
PR;PORECATU;municipio;;;20.0;;;;;;baixa
PR;PRIMEIRO DE MAIO;municipio;;;;;;;;;baixa
PR;ROLANDIA;municipio;;61.0;225.0;;61.0;36.0;50.0;;baixa
PR;SABAUOIA;municipio;;27.0;82.0;;27.0;15.0;17.0;;baixa
PR;SANTA FE;microrregiao;;23.0;80.0;;22.0;20.0;20.0;;baixa
PR;SANTO INACIO;municipio;;;37.0;;;;12.0;;baixa
PR;SERTANOPOLIS;municipio;;;30.0;;;;;;baixa
PR;NORTE NOVO DE MARINGA;municipio;;125.0;480.0;;122.0;80.0;94.0;;baixa
PR;DOUTOR CAMARGO;municipio;;2.0;;;;;;;baixa
PR;FLORAI;microrregiao;;;16.0;;;;;;baixa
PR;FLORESTA;municipio;;4.0;32.0;;;;;;baixa
PR;ITAMBE;municipio;;;;;;;;;baixa
PR;IVATUBA;municipio;;;28.0;;;;;;baixa
PR;MANDAGUAÇU;municipio;;49.0;148.0;;48.0;34.0;38.0;;baixa
PR;MANOAGUARI;microrregiao;;17.0;92.0;;16.0;13.0;14.0;;baixa
PR;MARIALVA;municipio;;15.0;45.0;;15.0;;;;baixa
PR;MARINGA;municipio;;16.0;71.0;;16.0;10.0;11.0;;baixa
PR;OURIZONA;municipio;;;;;;;;;baixa
PR;SÃO CARLOS DO IVAI;municipio;2.0;;;;;;;;baixa
PR;SÃO JORGE DO IVAI;municipio;7.0;28.0;15.0;10.0;;;;;baixa
PR;SARANDI;municipio;;;;;;;;;baixa
PR;NORTE NOVISSIMO DE PARANAVAI;municipio;375.0;2729.0;325.0;1300.0;287.0;437.0;15.0;;baixa
PR;ALTO PARANA;municipio;;14.0;57.0;;14.0;;10.0;;baixa
PR;AMAPORÃ;municipio;;;73.0;;;2.0;;;baixa
PR;CRUZEIRO;municipio;;12.0;68.0;;12.0;12.0;21.0;;baixa
PR;GUAIRAÇA;municipio;;2.0;16.0;;;;;;baixa
PR;INAjA;municipio;;36.0;103.0;;27.0;27.0;34.0;;baixa
PR;ITAUNA DO SUL;municipio;;;19.0;;;;;3.0;baixa
PR;JARDIM OLINDA;municipio;;3.0;138.0;;;;;;baixa
PR;LOANDA;municipio;;39.0;138.0;;34.0;31.0;42.0;;baixa
PR;MARILENA;municipio;;3.0;14.0;;3.0;;;;baixa
PR;MIRADOR;municipio;;;7.0;;;;;;baixa
PR;NOVA ALIANÇA;municipio;2.0;;;;;;;;baixa
PR;NOVA ESPERANÇA;municipio;;16.0;74.0;;16.0;12.0;21.0;;baixa
PR;NOVA LONDRINA;microrregiao;;;;;;;;;baixa
PR;PARAISO;municipio;;7.0;159.0;;;;27.0;;baixa
PR;PARANACITY;municipio;;15.0;115.0;;14.0;15.0;25.0;;baixa
PR;PARANAPOEMA;microrregiao;;302.0;;102.0;;;;;baixa
PR;PARANAVAI;microrregiao;19.0;164.0;18.0;76.0;14.0;;;;baixa
PR;PLANAL TINA DO PARANA;microrregiao;12.0;74.0;11.0;67.0;;;;;baixa
PR;PORTO RICO;microrregiao;20.0;73.0;19.0;61.0;31.0;;;;baixa
PR;PRESIDENTE CASTELO BRANCO;microrregiao;;11.0;;;;;;;baixa
PR;OUERENClA DO NORTE;microrregiao;17.0;194.0;14.0;90.0;;;;;baixa
PR;SANTA CRUZ DE MONTE CASTELO;microrregiao;10.0;72.0;10.0;41.0;;;;;baixa
PR;SANTA ISABEL DO lVAl;microrregiao;58.0;546.0;46.0;158.0;56.0;;;;baixa
PR;SÃO PEDRO DO PARANA;microrregiao;20.0;89.0;17.0;54.0;14.0;;;;baixa
PR;TAMBOARA;microrregiao;;17.0;;;;;;;baixa
PR;TERRA RICA;microrregiao;45.0;196.0;36.0;113.0;25.0;;;;baixa
PR;NORTE NOVO DE APUCARANA;mesorregiao;354.0;1419.0;328.0;884.0;282.0;;;;baixa
PR;APUCARANA;microrregiao;61.0;189.0;52.0;127.0;41.0;;;;baixa
PR;BOM SUCESSO;microrregiao;26.0;80.0;25.0;64.0;18.0;;;;baixa
PR;BORRAZOPOL IS;microrregiao;21.0;69.0;18.0;38.0;20.0;;;;baixa
PR;CALIFORNIA;microrregiao;;;;;;;;;baixa
PR;CAMBIRA;microrregiao;23.0;80.0;21.0;62.0;13.0;;;;baixa
PR;FAXINAL;microrregiao;4.0;38.0;;16.0;;;;;baixa
PR;GRANDES RIOS;microrregiao;41.0;170.0;40.0;119.0;33.0;;;;baixa
PR;IVAIPORÃ;microrregiao;14.0;50.0;13.0;33.0;;;;;baixa
PR;JANDAIA DO SUL;microrregiao;71.0;68.0;146.0;46.0;57.0;;;;baixa
PR;JARDIM ALEGRE;microrregiao;;75.0;;25.0;;;;;baixa
PR;KALORE;microrregiao;;;;;;;;;baixa
PR;LUNARDELLI;microrregiao;;;;;;;;;baixa
PR;MARILANDIA DO SUL;microrregiao;18.0;94.0;14.0;43.0;14.0;;;;baixa
PR;MARUMBI;microrregiao;47.0;214.0;45.0;137.0;44.0;;;;baixa
PR;RIO BOM;microrregiao;;;;;;;;;baixa
PR;SÃO JOÃO DO I VAI;microrregiao;13.0;43.0;13.0;39.0;19.0;;;;baixa
PR;SÃO PEDRO DO IVA(;microrregiao;;42.0;;25.0;;;;;baixa
PR;NORTE NOVISSIMO DE UMUARAMA;mesorregiao;1135.0;4705.0;1059.0;2824.0;765.0;18.0;38.0;;baixa
PR;AL TONI A;microrregiao;;;;;;;;;baixa
PR;ALTO PIOUIRI;microrregiao;23.0;83.0;22.0;63.0;11.0;;;;baixa
PR;CIANORTE;microrregiao;314.0;1055.0;292.0;685.0;197.0;;18.0;;baixa
PR;CIDADE GAUCHA;microrregiao;11.0;44.0;10.0;25.0;;;;;baixa
PR;CRUZEIRO;microrregiao;69.0;402.0;61.0;245.0;52.0;;;;baixa
PR;DOURADINA;microrregiao;;140.0;;92.0;;;;;baixa
PR;FRANCISCO ALVES;microrregiao;10.0;61.0;10.0;28.0;;;;;baixa
PR;GUAPOREMA;microrregiao;13.0;62.0;13.0;32.0;;;;;baixa
PR;ICARAIMA;microrregiao;15.0;158.0;12.0;82.0;;;;;baixa
PR;INDIANOPOLIS;microrregiao;105.0;429.0;94.0;233.0;80.0;;;;baixa
PR;IPORÃ;microrregiao;27.0;150.0;25.0;52.0;21.0;;;;baixa
PR;.JAPURA;microrregiao;198.0;757.0;186.0;353.0;108.0;;;;baixa
PR;JUSSARA;microrregiao;18.0;57.0;16.0;35.0;12.0;;;;baixa
PR;MARIA HELENA;microrregiao;;10.0;;10.0;;;;;baixa
PR;NOVA OLIMPIA;microrregiao;27.0;88.0;26.0;56.0;34.0;;;;baixa
PR;PEROLA;microrregiao;;17.0;;;;;;;baixa
PR;RONDON;microrregiao;57.0;229.0;54.0;124.0;48.0;;;;baixa
PR;SÃO JORGE DO PATROCINIO;microrregiao;15.0;42.0;15.0;29.0;;;;;baixa
PR;SÃO TOME;microrregiao;20.0;76.0;20.0;60.0;11.0;;;;baixa
PR;TAPEJARA;microrregiao;;28.0;;12.0;;;;;baixa
PR;TAPIRA;microrregiao;2.0;39.0;;;;;;;baixa
PR;TERRA BOA;microrregiao;133.0;553.0;129.0;447.0;95.0;;;;baixa
PR;TUNEIRAS DO OESTE;microrregiao;17.0;73.0;17.0;54.0;28.0;;2.0;;baixa
PR;UMUARAMA;microrregiao;27.0;134.0;27.0;83.0;15.0;;;;baixa
PR;XAMBRE;microrregiao;;11.0;;11.0;;;;;baixa
RJ;TOTAIS;total;217.0;1137.0;173.0;588.0;226.0;320.0;12.0;46.0;media
RJ;NORTE FLUMINENSE;microrregiao;53.0;211.0;34.0;87.0;81.0;107.0;;;media
RJ;ITAPERUNA;municipio;20.0;76.0;12.0;23.0;56.0;74.0;;;media
RJ;MIRACEMA;municipio;13.0;73.0;;29.0;14.0;21.0;;;media
RJ;AÇUCARE IRA CE CAMPOS;municipio;20.0;62.0;15.0;35.0;12.0;;;;media
RJ;CAMPOS;mesorregiao;18.0;49.0;13.0;30.0;;10.0;;;media
RJ;CENTRO-LESTE FLUMINENSE;microrregiao;88.0;546.0;71.0;237.0;105.0;148.0;;43.0;media
RJ;CANTAGALO;municipio;50.0;343.0;35.0;136.0;69.0;94.0;;;media
RJ;CANTAGALO;mesorregiao;37.0;295.0;26.0;11.0;61.0;84.0;;;media
RJ;ITAOCARA;mesorregiao;;;;;;;;;media
RJ;CORD-IRO;municipio;27.0;122.0;25.0;56.0;28.0;41.0;;37.0;media
RJ;SERRANA FLUMINENSE;municipio;;15.0;;;;;;;media
RJ;BACIAS DO SÃO JOÃO E MACACU;municipio;;51.0;;30.0;;;;;media
RJ;CABO FRIO;municipio;;15.0;;;;;;;media
RJ;SAQUAREMA;municipio;;;;;;;;;media
RJ;PERIFERIA DO GRANDE RIO;mesorregiao;30.0;68.0;27.0;55.0;11.0;15.0;;;media
RJ;TRES RIOS;microrregiao;21.0;40.0;19.0;32.0;;;;;media
RJ;PARAIBA DO SUL;municipio;;15.0;;10.0;;;;;media
RJ;SAPUCAIA;municipio;14.0;25.0;13.0;22.0;;;;;media
RJ;TRES RIOS;municipio;;;;;;;;;media
RJ;VASSOURAS E DO PIRAI;microrregiao;;28.0;;23.0;;;;;media
RJ;ENGENHEIRO PAULO DE FRONTIN;municipio;;;;;;;;;media
RJ;MENDES;municipio;;;;;;;;;media
RJ;MIGUEL PEREIRA;municipio;;13.0;;10.0;;;;;media
RJ;PIRAI;municipio;;;;;;;;;media
RJ;RIO CLARO;municipio;;;;;;;;;media
RJ;VASSOURAS;municipio;;10.0;;;;;;;media
RJ;BAIA DA ILHA GRANDE;microrregiao;;;;;;;;;media
RJ;ANGRA DOS REIS;municipio;;;;;;;;;media
RJ;VALE DO PARAIBA FLUMINENSE;mesorregiao;36.0;182.0;31.0;132.0;19.0;27.0;;;media
RJ;VALE DO PARAIBA FLUMINENSE;microrregiao;36.0;182.0;31.0;132.0;19.0;27.0;;2.0;media
RJ;BARRA DO PIRAI;municipio;;64.0;;58.0;;;;;media
RJ;BARRA MANSA;municipio;;;;;;;;;media
RJ;RESENDE;municipio;;21.0;;16.0;;;;;media
RJ;RIO DAS FLORES;municipio;;41.0;;17.0;;;;;media
RJ;VALENÇA;municipio;19.0;49.0;16.0;38.0;;;;;media
RJ;GRANDE RIO DE JANEIRO;mesorregiao;10.0;130.0;10.0;77.0;10.0;23.0;;;media
RJ;FLUMINENSE DO GRANDE RIO;microrregiao;10.0;130.0;10.0;77.0;10.0;23.0;;;media
RJ;DUQUE DE CAXIAS;municipio;;29.0;;18.0;;;;;media
RJ;ITABORAI;municipio;;;;;;;;;media
RJ;ITAGUAI;municipio;;;;;;;;;media
RJ;MAGE;municipio;;;;;;;;;media
RJ;MANGARAT I BA;municipio;;;;;;;;;media
RJ;MARICA;municipio;;;;;;;;;media
RJ;NOVA IGUAÇU;municipio;;86.0;;49.0;;12.0;;;media
RJ;PARACAMBI;municipio;;;;;;;;;media
RJ;GUANABARA;microrregiao;;;;;;;;;media
RJ;RIO DE JANEIRO;municipio;;;;;;;;;media
RO;TOTAIS;total;60.0;421.0;55.0;269.0;16.0;25.0;;;media
RO;PORTO VELHO;mesorregiao;10.0;36.0;;26.0;;;;;media
RO;PORTO-- VELHO;microrregiao;10.0;36.0;;26.0;;;;;media
RO;COSTA MARQUES;municipio;5.0;12.0;;;;;;;media
RO;GUAJARA-MIRIM;municipio;;;;;;;;;media
RO;PORTO VELHO;municipio;;24.0;;18.0;;;;;media
RO;LESTE DE RONDONIA;mesorregiao;50.0;385.0;46.0;243.0;14.0;23.0;;;media
RO;Jl-PARANA;microrregiao;42.0;352.0;38.0;214.0;13.0;22.0;;;media
RO;CACOAL;municipio;;;;;;;;;media
RO;JARU;municipio;16.0;93.0;13.0;43.0;2.0;;;;media
RO;JI-PARANA;municipio;17.0;224.0;16.0;143.0;;14.0;;;media
RO;OURO PRETO DO OESTE;municipio;2.0;12.0;2.0;10.0;;;;;media
RO;PRESIDENTE MEDICI;municipio;5.0;12.0;;7.0;2.0;2.0;;;media
RO;ROL IM DE MOURA;municipio;;10.0;;10.0;;;;;media
RO;VILHENA;microrregiao;3.0;;;4.0;;;;;media
RO;PIMENTA BUENO;municipio;2.0;;;;;;;;media
RO;VILHENA;municipio;;;;;;;;;media
RO;COLORADO DO OESTE;microrregiao;;27.0;;25.0;;;;;media
RO;CEREJEIRAS;municipio;;27.0;;25.0;;;;;media
RS;TOTAIS;total;4555.0;7654.0;4007.0;23356.0;1940.0;4977.0;15.0;41.0;media
RS;PORTO ALEGRE;microrregiao;227.0;1929.0;171.0;;;124.0;;;media
RS;PORTO ALEGRE;municipio;227.0;1929.0;171.0;;;124.0;;;media
RS;ENCOSTA DO PLANALTO MERIDIONAL;microrregiao;610.0;2310.0;88.0;;;46.0;;;media
RS;COLONIAL ENCOSTA DA SERRA GERAL;municipio;174.0;741.0;152.0;;;24.0;;;media
RS;PAROBE;mesorregiao;;11.0;;;;;;;media
RS;COLONIAL DO BAIXO TAQUARI;municipio;95.0;378.0;73.0;;;;;;media
RS;FUMICUL TORA DE SANTA CRUZ DO SUL;municipio;341.0;1191.0;283.0;;;19.0;;;media
RS;LESTE RIO-GRANDENSE;mesorregiao;;;;;12397.0;954.0;6303.0;753.0;media
RS;LITORAL SETENT. RIO GRANDE;microrregiao;29.0;169.0;21.0;73.0;16.0;;;;media
RS;CAPÃO DA CANOA;municipio;19.0;19.0;;;;;;;media
RS;OSORIO;municipio;;;;;51.0;;14.0;;media
RS;PALMARES DO SUL;municipio;;;;;;;;;media
RS;SANTO ANTONIO DA PATRULHA;municipio;11.0;70.0;28.0;10.0;;;;;media
RS;TORRES;municipio;;;;;27.0;;10.0;;media
RS;VALE DO jACUI;microrregiao;149.0;965.0;128.0;495.0;77.0;133.0;;;media
RS;ARROIO DOS RATOS;municipio;38.0;;;;;;;;media
RS;BUTIA;municipio;;;;;;;;;media
RS;CACHOEIRA DO SUL;municipio;91.0;452.0;74.0;267.0;40.0;52.0;;;media
RS;CHARQUEADAS;municipio;;;;;;;;;media
RS;GENERAL CAMARA;municipio;;;;;22.0;;;;media
RS;RIO PARDO;municipio;16.0;186.0;16.0;108.0;12.0;41.0;;;media
RS;SÃO .JERONIMO;municipio;28.0;229.0;26.0;90.0;20.0;33.0;;;media
RS;TRIUNFO;municipio;;;;;34.0;;19.0;;media
RS;LAGOA DOS PATOS;microrregiao;353.0;16981.0;272.0;851.0;191.0;420.0;;;media
RS;CAMAOUÃ;municipio;;;;;99.0;25.0;44.0;24.0;media
RS;CANGUÇU;municipio;;;;;1046.0;170.0;482.0;107.0;media
RS;CAPÃO;municipio;13.0;2.0;2.0;;;;;;media
RS;DOM FELICIANO;municipio;;;;;;;;;media
RS;PEDRO OSORIO;municipio;;;;;183.0;;120.0;;media
RS;PELOTAS;municipio;15.0;57.0;13.0;30.0;;;;;media
RS;TAPES;municipio;;;;;19.0;;15.0;;media
RS;LITORAL ORIENTAL LAGOA DOS PATOS;microrregiao;35.0;128.0;34.0;99.0;46.0;67.0;;;media
RS;RIO GRANDE;municipio;15.0;70.0;15.0;58.0;12.0;23.0;;;media
RS;SÃO .JOSE DO NORTE;municipio;17.0;53.0;16.0;37.0;28.0;32.0;;;media
RS;TAVARES;municipio;;;;;;;;;media
RS;LAGOA MIRIM;microrregiao;161.0;3568.0;154.0;1859.0;129.0;412.0;;;media
RS;ARROIO GRANDE;municipio;22.0;371.0;22.0;362.0;16.0;76.0;;;media
RS;HERVAL;municipio;;;;;336.0;70.0;712.0;571.0;media
RS;JAGUARÃO;municipio;;;;;1016.0;29.0;422.0;25.0;media
RS;SANTA VITORIA DO PALMAR;municipio;35.0;845.0;33.0;363.0;31.0;79.0;;;media
RS;ALTO CAMAOUÂ;microrregiao;369.0;5869.0;345.0;2926.0;302.0;724.0;;;media
RS;CAÇAPAVA DO SUL;municipio;60.0;691.0;56.0;390.0;45.0;88.0;;;media
RS;ENCRUZILHADA;municipio;22.0;208.0;21.0;80.0;18.0;60.0;;;media
RS;LAVRAS;municipio;45.0;832.0;44.0;353.0;40.0;99.0;;;media
RS;PINHEIRO MACHADO;municipio;;;;;243.0;45.0;733.0;49.0;media
RS;PIRATINI;municipio;;;;;977.0;11.0;852.0;113.0;media
RS;SANTANA OA BOA VISTA;municipio;209.0;139.0;;;;;;;media
RS;SÃO SEPE;municipio;63.0;709.0;61.0;379.0;35.0;54.0;;;media
RS;CAXIAS;mesorregiao;0.0;69.0;206.0;69.0;134.0;;;;media
RS;VINICULTORA DE CAXIAS DO SUL;microrregiao;69.0;206.0;69.0;134.0;;;;;media
RS;ANTONIO PRADO;municipio;;;;;;;;;media
RS;PLAMALTO MERlO. RIO GRANDE DO SUL;microrregiao;3165.0;812.0;1159.0;3155.0;229.0;347.0;2.0;11.0;media
RS;COLONIAL;municipio;97.0;307.0;82.0;154.0;11.0;;;;media
RS;S SERAF'INA COAAEA;mesorregiao;115.0;;;;;;;;media
RS;"(;OLONIAL DAS MISSÕES";municipio;201.0;959.0;191.0;469.0;85.0;;;;media
RS;COLONIAL DE SANTA ROSA;mesorregiao;59.0;611.0;131.0;235.0;7.0;;;;media
RS;PORTO XAVIER;mesorregiao;134.0;;;;;;;;media
RS;TRES PASSOS;mesorregiao;;;13.0;48.0;19.0;;;;media
RS;COLONIAL;municipio;193.0;539.0;134.0;199.0;11.0;;;;media
RS;ALPESTRE;mesorregiao;;;17.0;37.0;;;;;media
RS;BRAGA;mesorregiao;;;17.0;40.0;15.0;;;;media
RS;INFOR-;municipio;;;;;;;;;media
RS;MANTES CABEÇAS MANTES CABEÇAS MANTES CABEÇAS MANTES CABEÇAS;municipio;;;;;;;;;media
RS;CAMPO NOVO;microrregiao;17.0;;;;;;;;media
RS;CONSTANTINA;microrregiao;;;;;;;;;media
RS;ERVAL SECO;microrregiao;;;;;;;;;media
RS;FREDERICO WESTPHALEN;microrregiao;39.0;;12.0;17.0;;;;;media
RS;LIBERATO SALZANO;microrregiao;26.0;;;;;;;;media
RS;MIRAGUAI;microrregiao;;;;;;;;;media
RS;NONOAI;microrregiao;;;;;;;;;media
RS;PALMITI NHO;microrregiao;;;;;;;;;media
RS;PLANALTO;microrregiao;36.0;;;11.0;;;;;media
RS;REDENTORA;microrregiao;10.0;;;;;;;;media
RS;RODEIO BONITO;microrregiao;11.0;;;;;;;;media
RS;RONDA ALTA;microrregiao;;;22.0;31.0;;;;;media
RS;RONOINHA;microrregiao;28.0;;10.0;20.0;;;;;media
RS;SÃO MARTINHO;microrregiao;53.0;;18.0;23.0;;;;;media
RS;SARANOI;microrregiao;30.0;;;;;;;;media
RS;SEBERI;microrregiao;7.0;;;;;;;;media
RS;VICENTE OUTRA;microrregiao;39.0;;;;;;;;media
RS;COLONIAL DE ERECHIM;mesorregiao;644.0;;165.0;356.0;31.0;;;;media
RS;ARATIBA;microrregiao;;;;;;;;;media
RS;BARÃO DE COTEGIPE;microrregiao;;;;;;;;;media
RS;BARRACÃO;microrregiao;57.0;;;15.0;;;;;media
RS;CAMPINAS DO SUL;microrregiao;12.0;;;;;;;;media
RS;ERECHIM;microrregiao;34.0;;10.0;19.0;;;;;media
RS;ERVAL GRANDE;microrregiao;25.0;;;11.0;;;;;media
RS;GAURAMA;microrregiao;24.0;;;10.0;;;;;media
RS;GETULIO YARGAS;microrregiao;21.0;;;12.0;;;;;media
RS;.JACUTINGA;microrregiao;;;;;;;;;media
RS;MACHADINHO;microrregiao;25.0;;;13.0;;;;;media
RS;MARAU;microrregiao;150.0;;39.0;81.0;10.0;;;;media
RS;MARIANO MORO;microrregiao;12.0;;;;;;;;media
RS;PAIM FILHO;microrregiao;32.0;;;25.0;;;;;media
RS;SANANOUVA;microrregiao;70.0;;15.0;42.0;2.0;;;;media
RS;SÃO JOSE DO OURO;microrregiao;56.0;;13.0;41.0;5.0;;;;media
RS;SÃO VALENTIM;microrregiao;20.0;;;12.0;;;;;media
RS;SERTÃO;microrregiao;12.0;;;10.0;;;;;media
RS;SEVERIANO DE ALMEIDA;microrregiao;;;;;;;;;media
RS;TAPEJARA;microrregiao;34.0;;;22.0;;;;;media
RS;VIADUTOS;microrregiao;43.0;;;18.0;;;;;media
RS;COLONIAL DE IJUI;mesorregiao;226.0;;56.0;113.0;10.0;;;;media
RS;AJURICABA;microrregiao;;;;2.0;;;;;media
RS;CONDOR;microrregiao;71.0;;15.0;41.0;;;;;media
RS;IJUI;microrregiao;143.0;;36.0;66.0;;;;;media
RS;PANAMBI;microrregiao;;;;;;;;;media
RS;PEJUÇARA;microrregiao;;;;;;;;;media
RS;PASSO FUNDO;mesorregiao;299.0;;97.0;176.0;22.0;;;;media
RS;CARAZINHO;microrregiao;60.0;;13.0;37.0;;;;;media
RS;CHAPADA;microrregiao;12.0;;;;;;;;media
RS;CORONEL BICACO;microrregiao;19.0;;;10.0;;;;;media
RS;PALMEIRA DAS MISSÕES;microrregiao;96.0;;42.0;56.0;12.0;;;;media
RS;PASSO FUNDO;microrregiao;99.0;;26.0;60.0;;;;;media
RS;SANTO AUGUSTO;microrregiao;13.0;;;;;;;;media
RS;COLONIAL DO ALTO .JACUI;mesorregiao;168.0;;36.0;87.0;;;;;media
RS;COLORADO;microrregiao;;;;;;;;;media
RS;NÃO-ME-TOQUE;microrregiao;71.0;;11.0;33.0;;;;;media
RS;CENSO AGROPECUARIO - RIO GRANDE DO SUL;municipio;;;;;;;;;media
RS;MUARES OVINOS SUINOS CA PRINOS;microrregiao;;;;;;;;;media
RS;INFOR-;mesorregiao;;;;;;;;;media
RS;MANTES CABEÇAS MANTES CABEÇAS MANTES CAOEÇAS MANTES CABEÇAS MANTES CAOEÇAS MANTES CABEÇAS;mesorregiao;;;;;;;;;media
RS;OESTE GAUCHO;mesorregiao;1237.0;25000.0;1166.0;12279.0;2684.0;17.0;;;media
RS;SANTA MARIA;microrregiao;153.0;1242.0;147.0;634.0;8.0;;;;media
RS;FORMIGUEIRO;municipio;13.0;97.0;13.0;39.0;12.0;;;;media
RS;JAQUARI;municipio;36.0;240.0;33.0;98.0;13.0;;;;media
RS;MATA;municipio;;18.0;;18.0;;;;;media
RS;RESTUtGA SECA;municipio;31.0;250.0;30.0;120.0;16.0;;;;media
RS;SANTA MARIA;municipio;47.0;375.0;46.0;239.0;41.0;;;;media
RS;SÃO PEDRO;municipio;;22.0;;22.0;;;;;media
RS;SÃO VICENTE;municipio;21.0;240.0;20.0;94.0;59.0;;;;media
RS;CAMPANHA;microrregiao;649.0;17574.0;625.0;551.0;21.0;10.0;;;media
RS;ALEGRETE;municipio;191.0;6846.0;184.0;204.0;473.0;;;;media
RS;BAGE;municipio;55.0;212.0;56.0;599.0;308.0;;;;media
RS;CACEQUI;municipio;38.0;699.0;35.0;292.0;87.0;;;;media
RS;DOM PEDRITO;municipio;26.0;609.0;23.0;324.0;148.0;;;;media
RS;ITAQUI;municipio;33.0;828.0;31.0;351.0;81.0;;;;media
RS;OUARAI;municipio;44.0;1589.0;716.0;45.0;208.0;;;;media
RS;ROSARIO DO SUL;municipio;56.0;1487.0;55.0;677.0;164.0;;;;media
RS;SANTO ANTONIO DAS MISSÕES;municipio;41.0;902.0;40.0;423.0;57.0;;;;media
RS;SÃO BDRJA;municipio;17.0;170.0;17.0;123.0;32.0;;;;media
RS;SÃO GABRIEL;municipio;50.0;285.0;50.0;824.0;148.0;;;;media
RS;URUGUAIANA;municipio;40.0;792.0;37.0;403.0;143.0;;;;media
RS;TRITICUL TORA OE CRUZ ALTA;microrregiao;435.0;6184.0;394.0;3094.0;515.0;;;;media
RS;CRUZ ALTA;municipio;29.0;281.0;30.0;165.0;;;;;media
RS;IBIRUBA;municipio;11.0;42.0;;25.0;;;;;media
RS;JOIA;municipio;34.0;485.0;31.0;217.0;36.0;;;;media
RS;JULIO OE CASTILHOS;municipio;39.0;737.0;36.0;319.0;66.0;;;;media
RS;SANTA BARBARA DO SUL;municipio;;14.0;;10.0;;;;;media
RS;SANTIAGO;municipio;62.0;1069.0;57.0;603.0;107.0;;;;media
RS;SÃO FRANCISCO DE ASSIS;municipio;194.0;2826.0;171.0;1325.0;;;;;media
RS;TUPANCI RET Ã;municipio;54.0;719.0;48.0;419.0;;;;;media
SC;TOTAIS;total;1539.0;7023.0;1372.0;3731.0;434.0;707.0;11.0;23.0;baixa
SC;LESTE CATARINENSE;microrregiao;235.0;818.0;186.0;424.0;31.0;51.0;;;baixa
SC;COLONIAL DE JOINVILE;municipio;28.0;52.0;25.0;40.0;;;;;baixa
SC;LITORAL OE ITAJAI;municipio;;16.0;;;;;;;baixa
SC;COLONIAL DE BLUMENAU;municipio;51.0;180.0;51.0;97.0;;15.0;;;baixa
SC;COLONIAL DO ITAJAI;municipio;14.0;45.0;;16.0;;;;;baixa
SC;COLONIAL DO ALTO ITAJAI;municipio;140.0;525.0;102.0;265.0;20.0;27.0;;;baixa
SC;FLORIANOPOLIS;microrregiao;10.0;43.0;;22.0;;;;;baixa
SC;FLORIANOPOLIS;municipio;10.0;43.0;;22.0;;;;;baixa
SC;H TIJUCAS;mesorregiao;;11.0;;5.0;;;;;baixa
SC;TOTAL DE TOTAL DE TOTAL DE;total;;;;;;;;;baixa
SC;SUL CATARINENSE;microrregiao;162.0;358.0;30.0;33.0;;;;;baixa
SC;COLONIAL SERRANA CATARINENSE;municipio;84.0;319.0;72.0;11.0;13.0;;;;baixa
SC;AGUAS MORNAS;mesorregiao;;;;;;;;;baixa
SC;LITORAL DE LAGUNA;municipio;;;;;;;;;baixa
SC;sa IMBITUBA;mesorregiao;;;;;;;;;baixa
SC;CARBON I FERA;municipio;267.0;130.0;10.0;10.0;;;;;baixa
SC;SIDEROPOLIS;mesorregiao;;;;;;;;;baixa
SC;LITORAL SUL CATARINENSE;municipio;19.0;45.0;;;;;;;baixa
SC;COLONIAL DO SUL CATARINENSE;municipio;;;;;;;;;baixa
SC;TURVO;mesorregiao;;;;;;;;;baixa
SC;ao CAMPOS DE LAGES;mesorregiao;246.0;1815.0;231.0;951.0;120.0;;;;baixa
SC;BOM JARDIM DA SERRA;mesorregiao;3.0;14.0;;;;;;;baixa
SC;BOM RETIRO;mesorregiao;9.0;27.0;;14.0;;;;;baixa
SC;CORREIA PINTO;mesorregiao;;16.0;2.0;5.0;;;;;baixa
SC;LAGES;mesorregiao;129.0;545.0;75.0;139.0;;;;;baixa
SC;as OTACILIO COSTA;mesorregiao;26.0;105.0;11.0;20.0;;;;;baixa
SC;URUBICI;mesorregiao;3.0;5.0;2.0;2.0;;;;;baixa
SC;ªª CAMPOS DE CUR ITIBANOS;mesorregiao;279.0;124.0;140.0;201.0;;;;;baixa
SC;INFOR-;municipio;;;;;;;;;baixa
SC;MANTES CABEÇAS MANTES CABEÇAS MANTES CABEÇAS MANTES CABEÇAS;municipio;;;;;;;;;baixa
SC;CAMPOS NOVOS;microrregiao;;43.0;119.0;16.0;18.0;;;;baixa
SC;CURITIBANOS;microrregiao;;72.0;362.0;24.0;35.0;;;;baixa
SC;LEBON REGIS;microrregiao;;;;;;;;;baixa
SC;PONTE ALTA;microrregiao;;33.0;162.0;21.0;37.0;;;;baixa
SC;SANTA CECILIA;microrregiao;;32.0;163.0;16.0;30.0;;;;baixa
SC;SÂO JOSE DO CERRITO;microrregiao;;56.0;170.0;34.0;41.0;;;;baixa
SC;COLONIAL DO RIO;mesorregiao;;220.0;345.0;59.0;81.0;;13.0;;baixa
SC;AGUA DOCE;microrregiao;;12.0;19.0;;;;;;baixa
SC;ARROIO TRINTA;microrregiao;;;;;;;;;baixa
SC;CAÇADOR;microrregiao;;18.0;29.0;;;;;;baixa
SC;CAPINZAL;microrregiao;;;;;;;;;baixa
SC;CATANDUVAS;microrregiao;;;;;;;;;baixa
SC;CONCORDIA;microrregiao;;20.0;27.0;;;;;;baixa
SC;ERYAL VELHO;microrregiao;;3.0;;;;;;;baixa
SC;FRAIBURGO;microrregiao;;;;;;;;;baixa
SC;HERVAL o- OESTE;microrregiao;;;;;;;;;baixa
SC;(PIRA;microrregiao;;;;;;;;;baixa
SC;IPUMIR(M;microrregiao;;;;;;;;;baixa
SC;IRANl;microrregiao;;;11.0;;;;;;baixa
SC;JABORA;microrregiao;;;;;;;;;baixa
SC;JOAÇABA;microrregiao;;;;;;;;;baixa
SC;PINHEIRO PRETO;microrregiao;;;;;;;;;baixa
SC;PIRATUBA;microrregiao;;;;;;;;;baixa
SC;PONTE SERRADA;microrregiao;;;20.0;;17.0;;;;baixa
SC;PRESIDENTE CASTELO BRANCO;microrregiao;;;;;;;;;baixa
SC;RIO DAS ANTAS;microrregiao;;18.0;37.0;;;;;;baixa
SC;SALTO VELOSO;microrregiao;;;;;;;;;baixa
SC;SEARA;microrregiao;;;3.0;;;;;;baixa
SC;TANGARA;microrregiao;;18.0;33.0;;;;;;baixa
SC;TREZE TI LIAS;microrregiao;;51.0;57.0;26.0;26.0;;;;baixa
SC;VIDEIRA;microrregiao;;20.0;33.0;2.0;2.0;;12.0;;baixa
SC;COLONIAL DO OESTE CATARINENSE;mesorregiao;;200.0;337.0;13.0;36.0;;;;baixa
SC;ABELARDO LUZ;microrregiao;;21.0;;;;;;;baixa
SC;AGUAS DE CHAPECO;microrregiao;;;;;;;;;baixa
SC;ANCHIETA;microrregiao;;;;;;;;;baixa
SC;CAIBI;microrregiao;;;;;;;;;baixa
SC;CAMPO ERE;microrregiao;;;;;;;;;baixa
SC;CAXAMBU DO SUL;microrregiao;;;;;;;;;baixa
SC;CHAPECO;microrregiao;;;12.0;;24.0;;3.0;;baixa
SC;CORONEL FREITAS;microrregiao;;;;;;;;;baixa
SC;CUNHA PORÁ;microrregiao;;;13.0;;;;;;baixa
SC;DESCANSO;microrregiao;;;;;;;;;baixa
SC;DIONISIO CERQUEIRA;microrregiao;;18.0;33.0;;;;;;baixa
SC;FACHINAL DOS GUEDES;microrregiao;;;;;;;;;baixa
SC;GALVÂD;microrregiao;;11.0;12.0;;;;;;baixa
SC;ITAPIRANGA;microrregiao;;16.0;32.0;;;;;;baixa
SC;MARAVILHA;microrregiao;;;;;;;;;baixa
SC;MODELO;microrregiao;;;;;;;;;baixa
SC;MONDAI;microrregiao;;;;;;;;;baixa
SC;PALMA SOLA;microrregiao;;4.0;;;;;;;baixa
SC;PALMITOS;microrregiao;;40.0;70.0;;;;;;baixa
SC;PINHALZINHO;microrregiao;;7.0;10.0;;;;;;baixa
SC;ROMELANDIA;microrregiao;;;;;;;;;baixa
SC;SÃO CARLOS;microrregiao;;;;;;;;;baixa
SC;SÃO DOMINGOS;microrregiao;;2.0;3.0;;;;;;baixa
SC;SÃO JOSE DO CEDRO;microrregiao;;11.0;15.0;;;;;;baixa
SC;SÃO LOURENÇO DO OESTE;microrregiao;;19.0;21.0;;;;;;baixa
SC;INFOR-;municipio;1.0;1.0;1.0;;;;;;baixa
SC;MANTES' CABEÇAS MANTES CABEÇAS MANTES;municipio;;;;;;;;;baixa
SC;SÃO MIGUEL D' OESTE;microrregiao;;20.0;;;;;;;baixa
SC;SAUDADES;microrregiao;;;;;;;;;baixa
SC;VARGEÃO;microrregiao;;;;;;;;;baixa
SC;XANXERE;microrregiao;;;;;;;;;baixa
SC;XAXIM;microrregiao;;;;;;;;;baixa
SC;PLANALTO DE CANOINHAS;mesorregiao;85.0;170.0;41.0;87.0;;;;;baixa
SC;CANOINHAS;microrregiao;;;;;;;;;baixa
SC;IRINEOPDLIS;microrregiao;16.0;28.0;13.0;25.0;;;;;baixa
SC;ITAIOPOLIS;microrregiao;;;;;;;;;baixa
SC;MAFRA;microrregiao;;;;;;;;;baixa
SC;MAJOR VIEIRA;microrregiao;;11.0;;;;;;;baixa
SC;MONTE CASTELO;microrregiao;17.0;36.0;10.0;20.0;;;;;baixa
SC;PAPANDUVA;microrregiao;10.0;16.0;;;;;;;baixa
SC;PORTO UNIÃO;microrregiao;32.0;65.0;;20.0;;;;;baixa
SC;RIO NEGRINHO;microrregiao;;;;;;;;;baixa
SE;TOTAIS;total;913.0;3727.0;790.0;2002.0;552.0;729.0;107.0;146.0;baixa
SE;SERGIPANA;mesorregiao;877.0;3592.0;758.0;1891.0;673.0;102.0;141.0;;baixa
SE;SERTÃO SERGIPANO DO SÃO FRANCISCO;microrregiao;256.0;925.0;182.0;385.0;71.0;11.0;59.0;82.0;baixa
SE;CANINDE DE SÃO FRANCISCO;municipio;24.0;116.0;19.0;10.0;;;12.0;32.0;baixa
SE;GARARU;municipio;13.0;51.0;10.0;19.0;;;;7.0;baixa
SE;MONTE ALEGRE OE SERGIPE;municipio;12.0;56.0;;24.0;;;;;baixa
SE;NOSSA SENHORA DA GLORIA;municipio;104.0;314.0;73.0;127.0;34.0;38.0;27.0;27.0;baixa
SE;POÇO REDONDO;municipio;11.0;114.0;10.0;42.0;;;;;baixa
SE;PORTO DA FOLHA;municipio;92.0;274.0;65.0;103.0;16.0;16.0;;10.0;baixa
SE;PROPRIA;microrregiao;46.0;142.0;44.0;109.0;36.0;48.0;;;baixa
SE;AMPARO DE SÃO FRANCISCO;municipio;;26.0;;;;;;;baixa
SE;BREJO GRANDE;municipio;;;;;;;;;baixa
SE;CANHOBA;municipio;15.0;39.0;15.0;39.0;;;;;baixa
SE;NEOPOLIS;municipio;;13.0;;;;;;;baixa
SE;NOSSA SENHORA DE LOURDES;municipio;13.0;28.0;13.0;26.0;;11.0;;;baixa
SE;PROPRIA;municipio;;31.0;;30.0;11.0;15.0;;;baixa
SE;TELHA;municipio;;;;;;;;;baixa
SE;NOSSA SENHORA DAS DORES;microrregiao;214.0;928.0;196.0;516.0;128.0;167.0;10.0;12.0;baixa
SE;AQUIDABÂ;municipio;27.0;93.0;26.0;43.0;18.0;22.0;;;baixa
SE;CARIRA;municipio;40.0;163.0;39.0;132.0;24.0;28.0;;;baixa
SE;CEDRO DE SÃO JOÃO;municipio;;25.0;;15.0;;;;;baixa
SE;FEIRA NOVA;municipio;28.0;152.0;25.0;10.0;13.0;16.0;;2.0;baixa
SE;FREI PAULO;municipio;22.0;98.0;19.0;61.0;12.0;16.0;;;baixa
SE;GRACHO CARDOSO;municipio;12.0;48.0;10.0;20.0;12.0;16.0;;;baixa
SE;ITABI;municipio;;37.0;;12.0;;;;;baixa
SE;JAPOATÃ;municipio;;42.0;;28.0;;;;;baixa
SE;MALHADA DOS BOIS;municipio;;;;;;;;;baixa
SE;MURIBECA;municipio;;;;;;;;;baixa
SE;NOSSA SENHORA APARECIDA;municipio;16.0;64.0;12.0;33.0;;13.0;;;baixa
SE;NOSSA SENHORA DAS DORES;municipio;17.0;59.0;16.0;41.0;;11.0;;;baixa
SE;PEDRA MOLE;municipio;;23.0;;11.0;;;;2.0;baixa
SE;PINHÃO;municipio;11.0;48.0;;19.0;;;;;baixa
SE;RIBEIROPOLIS;municipio;;14.0;;10.0;;;;;baixa
SE;SÃO FRANCISCO;municipio;;;;;;;;;baixa
SE;SÃO MIGUEL DO ALEIXO;municipio;;27.0;4.0;;;;;;baixa
SE;COTINGUIBA;microrregiao;76.0;280.0;71.0;168.0;119.0;149.0;;3.0;baixa
SE;CAPELA;municipio;25.0;119.0;26.0;69.0;16.0;20.0;;;baixa
SE;CARMOPOLIS;municipio;;;;;;;;;baixa
SE;DIVINA PASTORA;municipio;;22.0;;13.0;;11.0;;;baixa
SE;GENERAL MAYNARO;municipio;;;;;;;;;baixa
SE;JAPARATUBA;municipio;16.0;43.0;13.0;30.0;14.0;14.0;2.0;;baixa
SE;LARANJEIRAS;municipio;;23.0;;13.0;25.0;27.0;;;baixa
SE;MARUIM;municipio;;;;;13.0;24.0;;;baixa
SE;PIRAMBU;municipio;;;;;;;;;baixa
SE;RIACHUELO;municipio;;31.0;;19.0;;12.0;;;baixa
SE;ROSARIO DO CATETE;municipio;;;;;;;;;baixa
SE;SANTA ROSA DE LIMA;municipio;;13.0;;;12.0;15.0;;;baixa
SE;SANTO AMARO DAS BROTAS;municipio;;;;;18.0;21.0;;;baixa
SE;SIRIRI;municipio;;;;;;;;;baixa
SE;AGRESTE DE ITABAIANA;municipio;38.0;104.0;36.0;58.0;10.0;11.0;;;baixa
SE;AGRESTE DE LAGARTO;municipio;179.0;938.0;163.0;141.0;103.0;159.0;17.0;21.0;baixa
SE;SERTÃO DO RIO REAL;municipio;69.0;275.0;66.0;214.0;41.0;62.0;;11.0;baixa
SE;ARACAJU;microrregiao;36.0;135.0;32.0;111.0;44.0;56.0;;;baixa
SE;LITORAL SUL SERGIPANO;municipio;36.0;135.0;32.0;111.0;44.0;56.0;;;baixa
